Time (s),GPU0_SM_Clock (MHz),GPU0_DRAM_Active,GPU0_FP16_Active,GPU0_FP32_Active,GPU0_FP64_Active,GPU0_Power (W)
0.2001657485961914,1530.0,0.004,0.0,0.0,0.0,77
1.1626160144805908,1530.0,0.016,0.0,0.0,0.0,76
