power_cap,gpu_count,runtime_seconds
2800,1,13.581587791442871
2800,2,46.22425651550293
2800,3,29.97853112220764
2800,4,168.43968319892883
