Time (s),GPU0_SM_Clock (MHz),GPU0_DRAM_Active,GPU0_FP16_Active,GPU0_FP32_Active,GPU0_FP64_Active,GPU0_Power (W)
0.20009994506835938,345.0,0.0,0.0,0.0,0.0,75
1.5651421546936035,1980.0,0.0,0.0,0.0,0.0,122
2.593762159347534,1980.0,0.0,0.0,0.0,0.0,133
3.662118911743164,1980.0,0.0,0.0,0.0,0.0,134
4.69376540184021,1980.0,0.0,0.0,0.0,0.0,134
5.765436410903931,1980.0,0.0,0.0,0.0,0.0,135
6.79718804359436,1980.0,0.0,0.0,0.0,0.0,135
