Time (s),GPU0_SM_Clock (MHz),GPU0_DRAM_Active,GPU0_FP16_Active,GPU0_FP32_Active,GPU0_FP64_Active,GPU0_Power (W)
0.20009779930114746,345.0,0.0,0.0,0.0,0.0,71
1.3596692085266113,1980.0,0.0,0.0,0.0,0.0,81
2.358936309814453,1980.0,0.0,0.0,0.0,0.0,120
3.570957660675049,1980.0,0.0,0.0,0.0,0.0,121
4.6274285316467285,1980.0,0.0,0.0,0.0,0.0,121
5.838320732116699,1980.0,0.0,0.0,0.0,0.0,121
6.896261215209961,1980.0,0.0,0.0,0.0,0.0,121
8.121845960617065,1980.0,0.0,0.0,0.0,0.0,121
