power_cap,gpu_count,runtime_seconds
2800,1,7.640187740325928
2800,2,1.9571073055267334
2800,3,2.360778570175171
2800,4,3.475208282470703
