power_cap,gpu_count,runtime_seconds
2800,1,7.5423901081085205
2800,2,11.827329158782959
2800,3,2.357764720916748
2800,4,26.429345846176147
