power_cap,gpu_count,runtime_seconds
2800,1,8.796325445175171
2800,2,13.790385246276855
2800,4,31.107288122177124
