Time (s),GPU0_SM_Clock (MHz),GPU0_DRAM_Active,GPU0_FP16_Active,GPU0_FP32_Active,GPU0_FP64_Active,GPU0_Power (W)
0.20017123222351074,1530.0,0.0,0.0,0.0,0.0,73
1.093038558959961,1530.0,0.0,0.0,0.0,0.0,73
2.1949589252471924,1530.0,0.0,0.0,0.0,0.0,73
3.13451886177063,1530.0,0.0,0.0,0.0,0.0,72
4.066356182098389,1530.0,0.0,0.0,0.0,0.0,73
4.998880386352539,1530.0,0.0,0.0,0.0,0.0,73
5.939563512802124,1530.0,0.0,0.0,0.0,0.0,73
