power_cap,gpu_count,runtime_seconds
2800,1,132.32198238372803
2800,2,70.48611664772034
2800,3,49.68606495857239
2800,4,39.483410358428955
