power_cap,gpu_count,runtime_seconds
2800,1,6.821237802505493
2800,2,2.9278550148010254
2800,3,2.0904860496520996
2800,4,1.9402563571929932
