power_cap,gpu_count,runtime_seconds
2800,1,31.0612154006958
2800,2,17.31548571586609
2800,3,13.332038164138794
2800,4,11.276118040084839
