power_cap,gpu_count,runtime_seconds
2800,1,0.993497371673584
2800,2,1.0319640636444092
2800,4,2.1611692905426025
