power_cap,gpu_count,runtime_seconds
2800,1,0.9906716346740723
2800,2,0.9916784763336182
2800,4,1.0191433429718018
