Time (s),GPU0_SM_Clock (MHz),GPU0_DRAM_Active,GPU0_FP16_Active,GPU0_FP32_Active,GPU0_FP64_Active,GPU0_Power (W),GPU1_SM_Clock (MHz),GPU1_DRAM_Active,GPU1_FP16_Active,GPU1_FP32_Active,GPU1_FP64_Active,GPU1_Power (W),GPU2_SM_Clock (MHz),GPU2_DRAM_Active,GPU2_FP16_Active,GPU2_FP32_Active,GPU2_FP64_Active,GPU2_Power (W),GPU3_SM_Clock (MHz),GPU3_DRAM_Active,GPU3_FP16_Active,GPU3_FP32_Active,GPU3_FP64_Active,GPU3_Power (W)
0.20017123222351074,1530.0,0.0,0.0,0.0,0.0,73,1530.0,0.003,0.0,0.0,0.0,70,1530.0,0.0,0.0,0.0,0.0,69,135.0,0.0,0.0,0.0,0.0,42
1.1452555656433105,1530.0,0.0,0.0,0.0,0.0,72,1530.0,0.0,0.0,0.0,0.0,69,1530.0,0.0,0.0,0.0,0.0,68,1290.0,0.0,0.0,0.0,0.0,58
2.0796477794647217,1530.0,0.0,0.0,0.0,0.0,73,1530.0,0.0,0.0,0.0,0.0,70,1530.0,0.0,0.0,0.0,0.0,69,1290.0,0.0,0.0,0.0,0.0,58
3.0172982215881348,1530.0,0.0,0.0,0.0,0.0,72,1530.0,0.0,0.0,0.0,0.0,69,1530.0,0.0,0.0,0.0,0.0,68,1290.0,0.0,0.0,0.0,0.0,58
3.9486029148101807,1530.0,0.0,0.0,0.0,0.0,74,1530.0,0.0,0.0,0.0,0.0,71,1530.0,0.0,0.0,0.0,0.0,70,1515.0,0.0,0.0,0.0,0.0,68
4.888353109359741,1530.0,0.0,0.0,0.0,0.0,74,1530.0,0.0,0.0,0.0,0.0,71,1530.0,0.0,0.0,0.0,0.0,70,1530.0,0.0,0.0,0.0,0.0,70
5.827470541000366,1530.0,0.0,0.0,0.0,0.0,74,1530.0,0.0,0.0,0.0,0.0,71,1530.0,0.0,0.0,0.0,0.0,70,1530.0,0.0,0.0,0.0,0.0,70
6.770110607147217,1530.0,0.0,0.0,0.0,0.0,73,1530.0,0.0,0.0,0.0,0.0,70,1530.0,0.0,0.0,0.0,0.0,69,1530.0,0.0,0.0,0.0,0.0,69
