Time (s),GPU0_SM_Clock (MHz),GPU0_DRAM_Active,GPU0_FP16_Active,GPU0_FP32_Active,GPU0_FP64_Active,GPU0_Power (W),GPU1_SM_Clock (MHz),GPU1_DRAM_Active,GPU1_FP16_Active,GPU1_FP32_Active,GPU1_FP64_Active,GPU1_Power (W),GPU2_SM_Clock (MHz),GPU2_DRAM_Active,GPU2_FP16_Active,GPU2_FP32_Active,GPU2_FP64_Active,GPU2_Power (W)
0.20016884803771973,1530.0,0.0,0.0,0.0,0.0,75,1530.0,0.0,0.0,0.0,0.0,73,135.0,0.0,0.0,0.0,0.0,43
1.1736862659454346,1530.0,0.0,0.0,0.0,0.0,76,1530.0,0.0,0.0,0.0,0.0,72,1290.0,0.0,0.0,0.0,0.0,60
2.11415433883667,1530.0,0.0,0.0,0.0,0.0,74,1530.0,0.0,0.0,0.0,0.0,71,1290.0,0.0,0.0,0.0,0.0,59
3.0473713874816895,1530.0,0.0,0.0,0.0,0.0,76,1530.0,0.0,0.0,0.0,0.0,72,1290.0,0.0,0.0,0.0,0.0,60
3.9842236042022705,1530.0,0.0,0.0,0.0,0.0,76,1530.0,0.0,0.0,0.0,0.0,72,1530.0,0.0,0.0,0.0,0.0,71
4.918521881103516,1530.0,0.0,0.0,0.0,0.0,77,1530.0,0.0,0.0,0.0,0.0,73,1530.0,0.0,0.0,0.0,0.0,72
5.8580896854400635,1530.0,0.0,0.0,0.0,0.0,76,1530.0,0.0,0.0,0.0,0.0,72,1530.0,0.0,0.0,0.0,0.0,71
6.7930614948272705,1530.0,0.0,0.0,0.0,0.0,77,1530.0,0.0,0.0,0.0,0.0,73,1530.0,0.0,0.0,0.0,0.0,72
