Time (s),GPU0_SM_Clock (MHz),GPU0_DRAM_Active,GPU0_FP16_Active,GPU0_FP32_Active,GPU0_FP64_Active,GPU0_Power (W),GPU1_SM_Clock (MHz),GPU1_DRAM_Active,GPU1_FP16_Active,GPU1_FP32_Active,GPU1_FP64_Active,GPU1_Power (W)
0.2001650333404541,1530.0,0.0,0.0,0.0,0.0,80,1290.0,0.003,0.0,0.0,0.0,62
1.1437642574310303,1530.0,0.0,0.0,0.0,0.0,78,1290.0,0.0,0.0,0.0,0.0,63
2.0798964500427246,1530.0,0.0,0.0,0.0,0.0,79,1290.0,0.0,0.0,0.0,0.0,63
3.046300172805786,1530.0,0.0,0.0,0.0,0.0,79,1290.0,0.0,0.0,0.0,0.0,63
3.985978603363037,1530.0,0.0,0.0,0.0,0.0,80,1530.0,0.0,0.0,0.0,0.0,76
4.9285454750061035,1530.0,0.0,0.0,0.0,0.0,79,1530.0,0.0,0.0,0.0,0.0,75
5.863703966140747,1530.0,0.0,0.0,0.0,0.0,80,1530.0,0.0,0.0,0.0,0.0,76
6.8035242557525635,1530.0,0.0,0.0,0.0,0.0,78,1530.0,0.0,0.0,0.0,0.0,74
7.740145921707153,1530.0,0.0,0.0,0.0,0.0,79,1530.0,0.0,0.0,0.0,0.0,76
