power_cap,gpu_count,runtime_seconds
2800,1,14.128275871276855
2800,2,10.373220205307007
2800,3,7.625925064086914
2800,4,7.451924562454224
