power_cap,gpu_count,runtime_seconds
2800,1,13.190634965896606
2800,2,9.448314189910889
2800,3,8.524834156036377
2800,4,7.5220232009887695
