power_cap,gpu_count,runtime_seconds
2800,1,13.146671056747437
2800,2,9.335427284240723
2800,3,7.592311382293701
2800,4,7.569032192230225
