power_cap,gpu_count,runtime_seconds
2800,1,15.698526859283447
2800,2,15.74101209640503
2800,3,16.777070999145508
2800,4,18.1491117477417
