power_cap,gpu_count,runtime_seconds
2800,1,87.17073583602905
2800,2,41.42887783050537
2800,3,29.014369010925293
2800,4,22.56618881225586
