power_cap,gpu_count,runtime_seconds
2800,1,0.9960567951202393
2800,2,1.0090441703796387
2800,3,0.9985787868499756
2800,4,1.0224931240081787
