power_cap,gpu_count,runtime_seconds
2800,1,0.9906032085418701
2800,2,1.023127794265747
2800,3,1.01654052734375
2800,4,1.0254945755004883
