power_cap,gpu_count,runtime_seconds
2800,1,89.63653802871704
2800,2,49.0847442150116
2800,3,38.86528992652893
2800,4,32.67396807670593
