power_cap,gpu_count,runtime_seconds
2800,1,64.84196758270264
2800,2,35.46671986579895
2800,3,27.815422296524048
2800,4,22.732530117034912
