power_cap,gpu_count,runtime_seconds
2800,1,27.43683671951294
2800,2,122.39904284477234
2800,3,89.39852952957153
2800,4,66.13405776023865
