power_cap,gpu_count,runtime_seconds
2800,1,49.55710458755493
2800,2,56.08610653877258
2800,3,39.16170310974121
2800,4,31.313419818878174
