power_cap,gpu_count,runtime_seconds
2800,1,27.124796152114868
2800,2,28.70026469230652
2800,3,28.981873273849487
2800,4,29.10713243484497
