power_cap,gpu_count,runtime_seconds
2800,1,145.29180908203125
2800,2,90.12731552124023
2800,3,69.52707743644714
2800,4,60.28676652908325
