power_cap,gpu_count,runtime_seconds
2800,1,114.9501883983612
2800,2,113.08572506904602
2800,3,75.76358318328857
2800,4,57.78783082962036
