power_cap,gpu_count,runtime_seconds
2800,1,182.97588276863098
2800,2,153.4970519542694
2800,3,127.28962182998657
2800,4,110.43641090393066
