power_cap,gpu_count,runtime_seconds
2800,1,46.55488324165344
2800,2,33.03609228134155
2800,3,35.68419313430786
2800,4,34.42463397979736
