power_cap,gpu_count,runtime_seconds
2800,1,0.9938986301422119
2800,2,1.011653184890747
2800,3,1.9348275661468506
2800,4,1.9067130088806152
