power_cap,gpu_count,runtime_seconds
2800,1,0.98842453956604
2800,2,0.9922459125518799
2800,3,1.931854486465454
2800,4,1.934342622756958
