power_cap,gpu_count,runtime_seconds
2800,1,26.55836820602417
2800,2,28.94848108291626
2800,3,28.249552011489868
2800,4,26.295787811279297
