power_cap,gpu_count,runtime_seconds
2800,1,1.92171311378479
2800,2,0.9945991039276123
2800,3,0.9488275051116943
2800,4,1.2003717422485352
