power_cap,gpu_count,runtime_seconds
2800,1,27.053161144256592
2800,2,17.3227698802948
2800,3,14.431214332580566
2800,4,13.368348121643066
