power_cap,gpu_count,runtime_seconds
2800,1,61.85088586807251
2800,2,32.66241145133972
2800,3,23.88204264640808
2800,4,18.843815326690674
