Time (s),GPU0_SM_Clock (MHz),GPU0_DRAM_Active,GPU0_FP16_Active,GPU0_FP32_Active,GPU0_FP64_Active,GPU0_Power (W),GPU1_SM_Clock (MHz),GPU1_DRAM_Active,GPU1_FP16_Active,GPU1_FP32_Active,GPU1_FP64_Active,GPU1_Power (W),GPU2_SM_Clock (MHz),GPU2_DRAM_Active,GPU2_FP16_Active,GPU2_FP32_Active,GPU2_FP64_Active,GPU2_Power (W),GPU3_SM_Clock (MHz),GPU3_DRAM_Active,GPU3_FP16_Active,GPU3_FP32_Active,GPU3_FP64_Active,GPU3_Power (W)
0.20016741752624512,1290.0,0.0,0.0,0.0,0.0,61,1290.0,0.0,0.0,0.0,0.0,59,1290.0,0.0,0.0,0.0,0.0,54,135.0,0.0,0.0,0.0,0.0,42
1.1744379997253418,1290.0,0.0,0.0,0.0,0.0,61,1290.0,0.0,0.0,0.0,0.0,59,1290.0,0.0,0.0,0.0,0.0,59,1290.0,0.0,0.0,0.0,0.0,59
2.1171557903289795,1290.0,0.008,0.0,0.0,0.0,61,1290.0,0.0,0.0,0.0,0.0,59,1290.0,0.0,0.0,0.0,0.0,59,1290.0,0.0,0.0,0.0,0.0,59
3.129150152206421,1290.0,0.0,0.0,0.0,0.0,61,1290.0,0.001,0.0,0.0,0.0,59,1290.0,0.0,0.0,0.0,0.0,59,1290.0,0.0,0.0,0.0,0.0,59
4.106054067611694,1290.0,0.0,0.0,0.0,0.0,61,1290.0,0.0,0.0,0.0,0.0,59,1290.0,0.0,0.0,0.0,0.0,59,1290.0,0.0,0.0,0.0,0.0,59
5.047933578491211,1290.0,0.0,0.0,0.0,0.0,60,1290.0,0.0,0.0,0.0,0.0,58,1290.0,0.0,0.0,0.0,0.0,58,1290.0,0.0,0.0,0.0,0.0,58
5.992088079452515,1290.0,0.0,0.0,0.0,0.0,61,1290.0,0.0,0.0,0.0,0.0,59,1290.0,0.0,0.0,0.0,0.0,59,1290.0,0.0,0.0,0.0,0.0,59
6.940970420837402,1290.0,0.0,0.0,0.0,0.0,61,1290.0,0.0,0.0,0.0,0.0,59,1290.0,0.0,0.0,0.0,0.0,59,1290.0,0.0,0.0,0.0,0.0,59
