power_cap,gpu_count,runtime_seconds
2800,1,1.9595239162445068
2800,2,3.8809714317321777
2800,3,4.645755052566528
2800,4,7.744165420532227
