power_cap,gpu_count,runtime_seconds
2800,1,0.9966256618499756
2800,2,0.995032548904419
2800,3,0.9960932731628418
2800,4,1.0260441303253174
