power_cap,gpu_count,runtime_seconds
2800,1,1.004246473312378
2800,2,1.0014731884002686
2800,3,1.0027942657470703
2800,4,1.0271971225738525
