power_cap,gpu_count,runtime_seconds
2800,1,11.842394590377808
2800,2,9.539546966552734
2800,3,9.129650831222534
2800,4,8.089197635650635
