power_cap,gpu_count,runtime_seconds
2800,1,101.67132472991943
2800,2,52.82231545448303
2800,3,36.8905029296875
2800,4,29.422719478607178
