power_cap,gpu_count,runtime_seconds
2800,1,1.9748444557189941
2800,2,2.9505462646484375
2800,4,5.794301271438599
