power_cap,gpu_count,runtime_seconds
2800,1,1.1039276123046875
2800,2,27.127263069152832
