power_cap,gpu_count,runtime_seconds
2800,1,129.2199354171753
2800,2,68.36871004104614
2800,3,50.31578087806702
2800,4,38.029359340667725
