power_cap,gpu_count,runtime_seconds
2800,1,69.96410179138184
2800,2,39.6434109210968
2800,3,32.017285108566284
2800,4,22.7899386882782
