power_cap,gpu_count,runtime_seconds
2800,1,19.71233367919922
2800,2,14.18389892578125
2800,3,12.097488641738892
2800,4,8.631133556365967
