Time (s),GPU0_SM_Clock (MHz),GPU0_DRAM_Active,GPU0_FP16_Active,GPU0_FP32_Active,GPU0_FP64_Active,GPU0_Power (W)
0.20017409324645996,135.0,0.0,0.0,0.0,0.0,45
1.1495556831359863,135.0,0.0,0.0,0.0,0.0,44
2.0834124088287354,135.0,0.0,0.0,0.0,0.0,45
3.024564743041992,135.0,0.0,0.0,0.0,0.0,44
3.959010362625122,135.0,0.0,0.0,0.0,0.0,44
4.895765066146851,1290.0,0.001,0.0,0.0,0.0,61
5.837578296661377,1530.0,0.0,0.0,0.0,0.0,70
6.770987033843994,1530.0,0.089,0.0,0.0,0.0,76
