power_cap,gpu_count,runtime_seconds
2800,1,5.294594764709473
2800,2,10.72519564628601
2800,3,11.976130962371826
2800,4,16.666070699691772
