power_cap,gpu_count,runtime_seconds
2800,1,138.38639974594116
2800,2,73.89596629142761
2800,3,52.397117137908936
2800,4,38.42874884605408
