power_cap,gpu_count,runtime_seconds
2800,1,1.8844618797302246
2800,2,0.9708712100982666
2800,3,1.0116233825683594
2800,4,1.082655906677246
