power_cap,gpu_count,runtime_seconds
1800,1,10.089079856872559
1800,2,11.95364499092102
1800,3,42.93289065361023
1800,4,395
