power_cap,gpu_count,runtime_seconds
2800,1,9.267919778823853
2800,2,11.812040567398071
2800,3,24.722583055496216
