power_cap,gpu_count,runtime_seconds
400,1,18.33273720741272
2800,1,18.417331218719482
2800,2,11.632395267486572
2800,3,35.45392107963562
2800,4,396.51550126075745
1800,2,11.95364499092102
1800,3,42.93289065361023
1800,1,10.089079856872559
