power_cap,gpu_count,runtime_seconds
2800,1,15.722405910491943
2800,2,11.673421621322632
2800,3,10.369244813919067
2800,4,10.147347688674927
