power_cap,gpu_count,runtime_seconds
2800,1,183.7016739845276
2800,2,155.438063621521
2800,3,126.25482559204102
2800,4,112.17244338989258
