power_cap,gpu_count,runtime_seconds
2800,1,6.591085433959961
2800,2,10.636565685272217
2800,4,16.581652641296387
