power_cap,gpu_count,runtime_seconds
2800,1,9.409828186035156
2800,2,57.09680199623108
2800,3,65.67132759094238
2800,4,66.40867304801941
