Time (s),GPU0_SM_Clock (MHz),GPU0_DRAM_Active,GPU0_FP16_Active,GPU0_FP32_Active,GPU0_FP64_Active,GPU0_Power (W),GPU1_SM_Clock (MHz),GPU1_DRAM_Active,GPU1_FP16_Active,GPU1_FP32_Active,GPU1_FP64_Active,GPU1_Power (W)
0.20017361640930176,1290.0,0.002,0.0,0.0,0.0,60,1290.0,0.003,0.0,0.0,0.0,58
1.1473650932312012,1290.0,0.0,0.0,0.0,0.0,59,1290.0,0.0,0.0,0.0,0.0,59
2.096926212310791,1290.0,0.0,0.0,0.0,0.0,60,1290.0,0.0,0.0,0.0,0.0,59
3.0393714904785156,1290.0,0.0,0.0,0.0,0.0,59,1290.0,0.0,0.0,0.0,0.0,59
3.9836061000823975,1290.0,0.0,0.0,0.0,0.0,59,1290.0,0.0,0.0,0.0,0.0,59
4.882918119430542,1290.0,0.0,0.0,0.0,0.0,59,1290.0,0.0,0.0,0.0,0.0,58
5.8186194896698,1290.0,0.0,0.0,0.0,0.0,60,1290.0,0.0,0.0,0.0,0.0,59
6.759076118469238,1290.0,0.0,0.0,0.0,0.0,59,1290.0,0.0,0.0,0.0,0.0,58
7.695039749145508,1290.0,0.0,0.0,0.0,0.0,60,1290.0,0.0,0.0,0.0,0.0,59
