Time (s),GPU0_SM_Clock (MHz),GPU0_DRAM_Active,GPU0_FP16_Active,GPU0_FP32_Active,GPU0_FP64_Active,GPU0_Power (W),GPU1_SM_Clock (MHz),GPU1_DRAM_Active,GPU1_FP16_Active,GPU1_FP32_Active,GPU1_FP64_Active,GPU1_Power (W),GPU2_SM_Clock (MHz),GPU2_DRAM_Active,GPU2_FP16_Active,GPU2_FP32_Active,GPU2_FP64_Active,GPU2_Power (W),GPU3_SM_Clock (MHz),GPU3_DRAM_Active,GPU3_FP16_Active,GPU3_FP32_Active,GPU3_FP64_Active,GPU3_Power (W)
0.2001783847808838,1290.0,0.0,0.0,0.0,0.0,61,1290.0,0.0,0.0,0.0,0.0,60,1290.0,0.0,0.0,0.0,0.0,58,1290.0,0.0,0.0,0.0,0.0,55
1.2962009906768799,1290.0,0.001,0.0,0.0,0.0,61,1290.0,0.001,0.0,0.0,0.0,60,1290.0,0.002,0.0,0.0,0.0,59,1290.0,0.001,0.0,0.0,0.0,59
2.3871500492095947,1290.0,0.0,0.0,0.0,0.0,61,1290.0,0.0,0.0,0.0,0.0,60,1290.0,0.0,0.0,0.0,0.0,58,1290.0,0.0,0.0,0.0,0.0,59
3.459372043609619,1290.0,0.0,0.0,0.0,0.0,61,1290.0,0.0,0.0,0.0,0.0,60,1290.0,0.0,0.0,0.0,0.0,58,1290.0,0.0,0.0,0.0,0.0,59
