power_cap,gpu_count,runtime_seconds
2800,1,2.3706300258636475
2800,2,8.486754894256592
2800,3,2.0090079307556152
2800,4,4.272438287734985
