power_cap,gpu_count,runtime_seconds
2800,1,20.07777428627014
2800,2,45.23721265792847
2800,3,35.73344326019287
2800,4,81.53169846534729
