power_cap,gpu_count,runtime_seconds
2800,1,31.858985424041748
2800,2,31.922940015792847
2800,3,31.90617346763611
2800,4,32.847033739089966
