Time (s),GPU0_SM_Clock (MHz),GPU0_DRAM_Active,GPU0_FP16_Active,GPU0_FP32_Active,GPU0_FP64_Active,GPU0_Power (W)
0.2001662254333496,1530.0,0.0,0.0,0.0,0.0,80
1.1413319110870361,1530.0,0.0,0.0,0.0,0.0,80
2.0753214359283447,1530.0,0.0,0.0,0.0,0.0,80
