power_cap,gpu_count,runtime_seconds
2800,1,85.10906839370728
2800,2,45.901323556900024
2800,3,38.39971590042114
2800,4,26.146155834197998
