power_cap,gpu_count,runtime_seconds
2800,1,1.8971452713012695
2800,2,1.9753727912902832
2800,3,1.96498703956604
2800,4,1.9660861492156982
