power_cap,gpu_count,runtime_seconds
2800,1,3.088653564453125
2800,2,1.9624574184417725
2800,3,1.9463505744934082
2800,4,1.9254083633422852
