power_cap,gpu_count,runtime_seconds
2800,1,7.543128728866577
2800,2,12.868080139160156
2800,3,18.322770357131958
2800,4,27.999047994613647
