power_cap,gpu_count,runtime_seconds
2800,1,193.54117441177368
2800,2,104.43541479110718
2800,3,77.82576775550842
2800,4,57.26909518241882
